ЛучшаяПамять;4

Метрики
Память;MAE;MSE;RMSE;MAPE
1;186,99760500592387;62823,23342769404;250,64563317100507;0,6498866448834371
2;7647,2638940969555;170862452,64002222;13071,436517843867;25,590177030869008
3;1150,4020430376816;3184009,9336414314;1784,379425358136;3,8845979495575373
4;77,97418802026499;9092,30623716127;95,35358533983539;0,2688986409432366
5;136,7682792419789;20533,37113057631;143,29470028782052;0,47627435834629045
6;97,06856324152255;10960,003593464395;104,69003578881991;0,3481804544603403
7;1337,8877182236238;2792952,140717382;1671,2127754171167;4,580143302788544
8;15248,602842001254;539330253,1453401;23223,484948330646;51,46820266693331

Прогнозная цена
Дата;Изначальная цена;Прогнозная цена
2023-03-09;172,55;176,83163310724947
2023-03-10;172,53;179,69901998377617
2023-03-13;172,15;176,71237142893952
2023-03-14;175,71;179,57782443557397
2023-03-15;175,3;182,48974176650466
2023-03-16;175,45;185,44887685702693
2023-03-17;193,59;188,45599535965334
2023-03-20;203,73;191,51187534222018
2023-03-21;203,32;194,61730748920624
2023-03-22;202,89;191,38271277515986
2023-03-23;202,58;194,48605050587423
2023-03-24;203,57;191,2536373200277
2023-03-27;211,84;188,07494775588492
2023-03-28;214,03;191,12464891807227
2023-03-29;217,99;187,94810317766502
2023-03-30;216,87;190,99574751058177
2023-03-31;216,6;194,09281046397365
2023-04-03;216,09;190,86693303888393
2023-04-04;214,83;193,96190722049238
2023-04-05;216,15;197,10706749265256
2023-04-06;214,25;193,8310922629147
2023-04-07;216,27;196,97413132471212
2023-04-10;222,21;193,7003655316974
2023-04-11;218,6;190,48101065241755
2023-04-12;219,22;187,3151623620917
2023-04-13;219,85;190,35254333795913
2023-04-14;221,87;187,18883021074717
2023-04-17;228,1;190,22416266652527
2023-04-18;232,66;193,30871410137775
2023-04-19;232,95;196,44328261829213
2023-04-20;236,28;193,1783396809725
2023-04-21;235,17;189,96766101902983
2023-04-24;235,1;193,04805318981337
2023-04-25;235,3;196,17839499873492
2023-04-26;235,21;199,35949639667467
2023-04-27;240,38;196,04608516126646
2023-04-28;240,38;199,22504110884236
2023-05-02;242,62;195,9138645583597
2023-05-03;235,77;192,65772069898577
2023-05-04;238,89;195,7817331298316
2023-05-05;237,7;198,9564025166129
2023-05-08;238,27;202,18255027961578
2023-05-10;227,06;198,82221908993918
2023-05-11;229,32;202,04619102167288
2023-05-12;229,29;198,68812616144376
2023-05-15;231,7;201,90992372936796
2023-05-16;230,62;205,1839638734804
2023-05-17;230,55;208,51109372545497
2023-05-18;231,7;211,89217415350245
2023-05-19;231,27;215,32807998511325
2023-05-22;231;218,81970023341196
2023-05-23;236,43;215,1828549043116
2023-05-24;246,06;211,6064549735629
2023-05-25;243,76;215,03772776858102
2023-05-26;248,1;211,46373989188936
2023-05-29;251,18;214,89269851186378
2023-05-30;244,65;211,32112106245225
2023-05-31;246,17;207,80890424076554
2023-06-01;241,66;211,1785984203356
2023-06-02;243,95;214,60293337146118
2023-06-05;237,12;211,03617190066714
2023-06-06;240,91;214,45819735588302
2023-06-07;241,25;210,8938414386184
2023-06-08;241,77;214,31355895553256
2023-06-09;240,4;217,7887283899409
2023-06-13;244,33;221,3202489141109
2023-06-14;244,6;224,90903428070334
2023-06-15;245,18;228,55601305919848
2023-06-16;243,87;232,262128876156
2023-06-19;242,28;236,0283406593708
2023-06-20;241,74;239,85562288598788
2023-06-21;242,2;243,74496583464054
2023-06-22;240,66;247,697375841677
2023-06-23;235,67;243,58057537353218
2023-06-26;238,4;247,53031973165434
2023-06-27;241,21;243,4162957833237
2023-06-28;239,67;239,3706480770057
2023-06-29;239,99;235,39224018021224
2023-06-30;239,61;231,47995454828467
2023-07-03;243,33;235,23348310077043
2023-07-04;240,7;231,32383605642073
2023-07-05;240,95;227,47916845211464
2023-07-06;240,96;231,16782285654006
2023-07-07;243,67;234,91629008430166
2023-07-10;249,4;231,01191487762992
2023-07-11;247,99;234,75785400289755
2023-07-12;247,52;230,85611204872546
2023-07-13;246,19;227,01921814976163
2023-07-14;246,45;230,70041429890972
2023-07-17;245,39;226,86610814059978
2023-07-18;246,77;223,09552923549106
2023-07-19;245,85;226,71310139439115
2023-07-20;242,7;230,3893337531155
2023-07-21;244,13;234,1251775073534
2023-07-24;244,87;230,23395081554207
2023-07-25;247,2;226,40739741230342
2023-07-26;247,05;230,0786726738674
2023-07-27;247,95;226,25470003727662
2023-07-28;249,25;222,4942829078324
2023-07-31;267,4;218,79636497502403
2023-08-01;268,5;215,15990748452037
2023-08-02;268,57;218,64880075680966
2023-08-03;269,11;215,01479582536345
2023-08-04;264,12;211,44118908405625
2023-08-07;261,92;214,8697820347819
2023-08-08;264,62;218,35397082127017
2023-08-09;263,91;214,72486604676962
2023-08-10;266,91;218,20670496974688
2023-08-11;266,23;214,58004779536495
2023-08-14;260,45;218,05953843966458
2023-08-15;260,42;221,595450243658
2023-08-16;256,02;217,91247116403727
2023-08-17;258,5;214,29070423875459
2023-08-18;261,14;217,76550307592416
2023-08-21;261,15;221,29664699349135
2023-08-22;261,45;217,61863410842955
2023-08-23;256,4;214,00175083814713
2023-08-24;259,63;210,4449811911509
2023-08-25;260,5;206,94732606201373
2023-08-28;266,93;210,3030494495968
2023-08-29;265,68;213,71318706744927
2023-08-30;264,7;217,17862126137672
2023-08-31;264,85;220,7002486847311
2023-09-01;265;217,03214810830139
2023-09-04;267,39;213,4250124012771
2023-09-05;264,75;209,8778283102797
2023-09-06;263,5;206,38959942248866
2023-09-07;258,79;209,73627907723525
2023-09-08;255,68;213,13722631495517
2023-09-11;256,25;216,59332110351676
2023-09-12;262,4;212,99347882547042
2023-09-13;258,18;209,45346694459786
2023-09-14;260;205,9722910627701
2023-09-15;260,83;209,312203916277
2023-09-18;259,07;205,83337586594783
2023-09-19;252,72;202,4123669220889
2023-09-20;253,77;205,6945543585816
2023-09-21;250,16;202,27585266745223
2023-09-22;251,99;205,55582647748383
2023-09-25;252,65;202,13943048298896
2023-09-26;255,87;198,77981595653227
2023-09-27;256,1;202,00310030660359
2023-09-28;257,67;198,64575162625067
2023-09-29;260,72;195,34420303086853
2023-10-02;258,98;192,0975271072573
2023-10-03;259,65;188,90481185608684
2023-10-04;259,53;191,96796955536774
2023-10-05;259,38;195,08079742979385
2023-10-06;262,93;191,8384993817985
2023-10-09;265,25;188,65008924471258
2023-10-10;263;191,70911652761845
2023-10-11;260,21;188,52285677017562
2023-10-12;264,5;191,57982093393622
2023-10-13;263,51;188,3957101058423
2023-10-16;268,15;191,45061254190014
2023-10-17;270;188,26864919383914
2023-10-18;267,9;185,139570976904
2023-10-19;268,65;182,06249892525247
2023-10-20;269,8;185,01470612343687
2023-10-23;270,1;181,9397093609783
2023-10-24;271,27;178,91581991472853
2023-10-25;273,73;175,94218836663225
2023-10-26;269,9;173,01797941620256
2023-10-27;269,7;170,142371645883
2023-10-30;269,89;167,31455729030924
2023-10-31;268,35;170,027621448548
2023-11-01;269,68;167,2017142737205
2023-11-02;269,06;164,42277447567986
2023-11-03;268,54;167,08894736256218
2023-11-06;273,42;169,79835317678936
2023-11-07;273,31;172,55169295542316
2023-11-08;278,15;175,3496791030869
2023-11-09;276,65;172,43531782425754
2023-11-10;280,19;175,2314169084022
2023-11-13;283,97;178,07285571869463
2023-11-14;280,87;175,11323447403848
2023-11-15;282,89;172,20280297184178
2023-11-16;279,7;174,9951317462025
2023-11-17;281,6;177,83273910981706
2023-11-20;282,91;174,87710867113725
2023-11-21;282,79;171,97060164659243
2023-11-22;286,16;169,11240159114107
2023-11-23;286,19;166,30170562928922
2023-11-24;286,85;163,53772422956078
2023-11-27;282,33;160,8196809827162
2023-11-28;279,91;163,42742844641444
2023-11-29;276,8;166,07746144875367
2023-11-30;277,5;168,77046566455593
2023-12-01;273,97;165,96545277454874
2023-12-04;270,96;168,65664073046113
2023-12-05;279,62;171,39146724182572
2023-12-06;267,58;168,54289256403757
2023-12-07;265,12;171,2758746090366
2023-12-08;265,16;174,0531729152832
2023-12-11;256,89;171,16035993611894
2023-12-12;257,6;168,31562632713943
2023-12-13;260,45;171,04492317049377
2023-12-14;256,64;173,81847651826004
2023-12-15;268,21;170,92956425961756
2023-12-18;268,4;173,70124702223274
2023-12-19;267,35;176,5178735917888
2023-12-20;266,61;179,38017274785955
2023-12-21;265,19;182,2888850874348
2023-12-22;271,3;179,25919224181814
2023-12-25;271,08;176,27985374849442
2023-12-26;271,9;173,35003270388165
2023-12-27;271,08;176,16096421023218
2023-12-28;271,74;179,01747595565246
2023-12-29;270,82;181,92030703968618
2024-01-03;274,56;184,87020854663504
2024-01-04;274,12;181,79761337478598
2024-01-05;273,62;184,7455253609778
2024-01-08;276,76;181,6750024589513
2024-01-09;275,28;178,65551251630743
2024-01-10;274,49;175,68620735082237
2024-01-11;275,71;178,53502074745577
2024-01-12;275,84;175,56771818926006
2024-01-15;275,96;172,6497330391281
2024-01-16;276,01;169,7802456277844
2024-01-17;278;172,53329178616787
2024-01-18;277,07;175,33097955242604
2024-01-19;274,86;172,41692906541937
2024-01-22;274,93;175,2127299693977
2024-01-23;275,9;172,30064482391762
2024-01-24;273,77;169,43695935747914
2024-01-25;272,81;166,62086915372277
2024-01-26;272,65;169,32268491582167
2024-01-29;274,05;166,5084939856176
2024-01-30;275,67;163,74107570489983
2024-01-31;276;166,39619460740883
2024-02-01;276,86;163,63064277413002
2024-02-02;276,74;160,911055194785
2024-02-05;277,84;158,23666793046863
2024-02-06;278,67;155,60672973915646
2024-02-07;284,41;153,0205018646791
2024-02-08;282,17;150,47725782920364
2024-02-09;283,5;152,91729927842493
2024-02-12;287,28;155,39690685451356
2024-02-13;287,07;152,81416629574468
2024-02-14;289,06;150,27435161580397
2024-02-15;290,24;147,7767493744402
2024-02-16;288,33;145,32065798898088
2024-02-19;288,93;142,9053875372562
2024-02-20;283,9;145,2226484572001
2024-02-21;282;147,577484574718
2024-02-22;284,77;149,97050518480145
2024-02-26;291,25;147,47795295708897
2024-02-27;292,52;145,0268276526253
2024-02-28;291,75;147,37848846719922
2024-02-29;292,19;149,76828228568917
2024-03-01;295,38;147,2790910597754
2024-03-04;299,17;149,66727311448417
2024-03-05;298,4;152,09418037781145
2024-03-06;297,71;149,56633206753426
2024-03-07;300,4;151,9916025364247
2024-03-11;299,79;149,46545909889397
2024-03-12;300,9;151,88909387726122
2024-03-13;298,85;149,36465416264883
2024-03-14;295,83;151,786654353662
2024-03-15;298,3;154,24792812622061
2024-03-18;298,87;151,68428391899948
2024-03-19;295,2;149,16324820384082
2024-03-20;295,4;151,58198252667762
2024-03-21;295,62;154,03993747386335
2024-03-22;292,99;156,53774902156115
2024-03-25;293,9;153,93604734319453
2024-03-26;294,11;151,3775866828285
2024-03-27;295,1;153,83222727980453
2024-03-28;299;156,32667073394293
2024-03-29;298,72;153,72847723643744
2024-04-01;300,43;151,1734664499741
2024-04-02;300,38;148,6609206656775
2024-04-03;306,72;146,19013410319698
2024-04-04;304,61;143,7604127124509
2024-04-05;306,1;146,0915381651335
2024-04-08;307,75;148,46046363364533
2024-04-09;306,76;145,993008723753
2024-04-10;306,48;143,56656361258646
2024-04-11;306,95;141,18044670568787
2024-04-12;307,1;143,4697371057858
2024-04-15;307,99;141,0852294828256
2024-04-16;308,29;143,37297590229937
2024-04-17;306,59;140,99007647791802
2024-04-18;307,99;143,27627995808427
2024-04-19;307,38;140,8949876476542
2024-04-22;314,99;143,17964922912728
2024-04-23;307,39;145,5013573984812
2024-04-24;307,94;147,86071287911616
2024-04-25;308,41;150,25832613537284
2024-04-26;309;152,69481753048495
2024-04-27;308,98;150,1569864607905
2024-04-29;308,97;152,59183459757907
2024-04-30;308,24;155,0661646498546
2024-05-02;307,37;157,5806168307076
2024-05-03;307,53;160,1358417345081
2024-05-06;306,01;162,7325005052417
2024-05-07;308,22;160,02784030451932
2024-05-08;311,21;162,62274779423177
2024-05-10;313,49;165,25973261790907
2024-05-13;314,85;167,9394770742615
2024-05-14;318,12;170,662674525712
2024-05-15;319,7;173,43002957779802
2024-05-16;322,91;176,2422582614827
2024-05-17;323,16;179,10008821842203
2024-05-20;321,08;176,12339407898287
2024-05-21;320,64;178,9792966115638
2024-05-22;322,93;181,88150860415854
2024-05-23;323,54;184,83078098088387
2024-05-24;321;187,82787684235413
2024-05-27;317,09;190,87357166312745
2024-05-28;318,22;193,96865349235358
2024-05-29;320,38;190,74483959126025
2024-05-30;316,63;187,57460638932503
2024-05-31;313,11;184,4570633601682
2024-06-03;310,95;187,44809925950196
2024-06-04;316,49;190,48763585372987
2024-06-05;314,72;187,32167745068372
2024-06-06;313,08;190,35916407099495
2024-06-07;319,9;193,44590460091308
2024-06-10;317,28;190,23077893429817
2024-06-11;317,8;193,31543765425033
2024-06-13;317,71;196,45011519592987
2024-06-14;319,35;199,63562263205313
2024-06-17;317,65;196,3176221004878
2024-06-18;314,34;193,05476767652752
2024-06-19;310,7;196,18521836320326
2024-06-20;314,15;199,36643040438815
2024-06-21;314,14;196,05290392380988
2024-06-24;317,25;192,79444919084338
2024-06-25;319,8;195,92067872208187
2024-06-26;324,55;192,66442160937893
2024-06-27;327,16;189,4622844111903
2024-06-28;327,15;192,5344817232398
2024-07-01;327,1;189,33450416272302
2024-07-02;328,37;186,18771113463993
2024-07-03;328,2;183,09321869701384
2024-07-04;324,66;180,0501575992338
2024-07-05;325;182,96973397787576
2024-07-08;324,07;185,93665231025093
2024-07-09;319,99;182,8463325413189
2024-07-10;316,68;185,8112498761717
2024-07-11;295,87;182,7230143311745
2024-07-12;292,21;185,68593201805035
2024-07-15;284,38;188,69689445315527
2024-07-16;285,25;191,7566806989123
2024-07-17;284,68;188,56963041148512
2024-07-18;289,83;191,62735302622477
2024-07-19;289,9;188,44245220130864
2024-07-22;294,71;191,4981125768186
2024-07-23;294,39;194,60332155574247
2024-07-24;295,69;191,36895929186733
2024-07-25;296,37;188,18835304392422
2024-07-26;293,3;185,06060937171907
2024-07-29;286,58;181,98484968428653
2024-07-30;290;184,93579777282744
2024-07-31;289,3;181,86211248948175
2024-08-01;287,21;184,81107035141295
2024-08-02;286,04;187,80784659812153
2024-08-05;275,49;190,85321662146785
2024-08-06;279,4;193,9479683865629
2024-08-07;282,2;190,7244982777803
2024-08-08;281,09;187,55460315423034
2024-08-09;281,44;184,43739258450037
2024-08-12;280,74;181,37199093639973
2024-08-13;283,92;184,31300130565378
2024-08-14;280,32;187,30170118830736
2024-08-15;278,01;190,3388638865263
2024-08-16;274,6;193,42527524184194
2024-08-19;268,17;196,56173383848136
2024-08-20;266,2;199,7490512099946
2024-08-21;266,93;202,98805204923255
2024-08-22;261,6;199,6143331922422
2024-08-23;259,5;202,85114953162937
2024-08-26;265,39;206,14045198184522
2024-08-27;260,5;202,71433934605824
2024-08-28;262,47;206,00142337118925
2024-08-29;260,31;202,5776214302471
2024-08-30;254,45;205,8624885264797
2024-09-02;244,31;209,20062089339586
2024-09-03;244,04;212,592882246019
2024-09-04;253,01;216,04015030481423
2024-09-05;252,82;212,4495018819524
2024-09-06;254,77;215,89444497791686
2024-09-09;263,31;212,30621821881283
2024-09-10;261,29;208,77762880367135
2024-09-11;258,2;205,3076855429624
2024-09-12;254,93;208,6368215851484
2024-09-13;258,25;212,0199407344844
2024-09-16;263,79;208,4961093321297
2024-09-17;265,99;205,03084500468879
2024-09-18;263,4;208,355491980567
2024-09-19;264,5;211,73404927181247
2024-09-20;269,08;215,1673910530741
2024-09-23;273,17;211,59124813590822
2024-09-24;272,92;215,02227434672668
2024-09-25;267,8;211,4485433102785
2024-09-26;267,88;214,8772555123586
2024-09-27;268,07;218,36156548390377
2024-09-30;268,49;221,9023747622223
2024-10-01;266,29;218,21429451026407
2024-10-02;259,31;221,7527157381547
2024-10-03;264,25;225,348513705796
2024-10-04;264,09;221,60315764957062
2024-10-07;263,39;217,92005047068292
2024-10-08;262,4;221,45370042839545
2024-10-09;260,86;225,04464975804126
2024-10-10;259,98;221,30434400660056
2024-10-11;256,94;224,8928714695461
2024-10-14;261,28;228,53958816239634
2024-10-15;262,03;224,74119554584334
2024-10-16;259,5;221,00593328926647
2024-10-17;256,57;217,33275214822126
2024-10-18;257,19;220,85687885789926
2024-10-21;258,21;217,18617504367572
2024-10-22;255,42;213,57647936540627
2024-10-23;252,01;210,02677785061013
2024-10-24;252,64;213,43243562770462
2024-10-25;246,35;209,88512816058375
2024-10-28;242,56;213,28848903833332
2024-10-29;242,66;216,74703660494316
2024-10-30;241,45;213,14463953177201
2024-10-31;237,9;209,60211531719244
2024-11-01;238,03;213,00088704254452
2024-11-02;238,97;216,45477104204312
2024-11-05;239,23;212,8572315052188
2024-11-06;243,6;216,30878607985585
2024-11-07;250,93;212,713672854407
2024-11-08;255,98;209,17831142793975
2024-11-11;260,73;205,70170870864928
2024-11-12;255,77;209,03723397449673
2024-11-13;254,7;212,42684595099405
2024-11-14;249,52;215,87142167310145
2024-11-15;253,43;219,37185239720833
2024-11-18;248,72;215,72583014292383
2024-11-19;240,59;219,22390004936685
2024-11-20;237,05;222,77869238474784
2024-11-21;240,47;226,39112692312239
2024-11-22;236;222,6284423402358
2024-11-25;227,81;226,23844052150466
2024-11-26;223,16;229,90697608789722
2024-11-27;226,3;233,63499824361946
2024-11-28;228,56;229,75191846985905
2024-11-29;236,49;225,9333765805883
2024-12-02;235,17;229,59696542831227
2024-12-03;230,8;233,31996065258986
2024-12-04;224,55;237,1033255486274
2024-12-05;233,48;240,94803903180053
2024-12-06;237,84;236,9434144510431
2024-12-09;237,29;233,0053478638566
2024-12-10;230,82;229,13273305755644
2024-12-11;234,19;232,8482005913175
2024-12-12;229,02;228,97819761714902
2024-12-13;228,7;232,69115930460873
2024-12-16;225,53;236,46432796651408
2024-12-17;226,5;240,29867988004673
2024-12-18;230,15;244,19520715306487
2024-12-19;229;248,15491798080313
2024-12-20;257,6;244,03051303285247
2024-12-23;264,9;247,98755328773765
2024-12-24;264,34;243,86592998833865
2024-12-25;271,69;239,81280923431714
2024-12-26;269,56;243,70145794460996
2024-12-27;271,2;247,65316245596838
2024-12-28;272,83;243,53709682680346
2024-12-30;279,43;239,48944137296428
2025-01-03;272,25;243,37284656010664
2025-01-06;274,37;247,31922252274984
2025-01-08;277;251,32959035407788
2025-01-09;271,8;247,15242145306516
2025-01-10;278,77;243,0446782810444
2025-01-13;279,8;246,98573288008237
2025-01-14;279,85;242,88076011930622
2025-01-15;282,77;238,8440131672447
2025-01-16;281,8;234,87435809165362
2025-01-17;283,53;238,68292808668483
2025-01-20;278,19;242,55325537836137
2025-01-21;281,85;246,4863413828825
2025-01-22;280,36;242,38966865008393
2025-01-23;280,49;246,32010203850018
2025-01-24;280,74;250,31426878117534
2025-01-27;275,23;254,37320233677508
2025-01-28;278,35;250,14544774347294
2025-01-29;280,36;245,987959627681
2025-01-30;281,97;249,97674056481227
2025-01-31;280,73;254,03020098214455
2025-02-03;279,55;258,14938968010705
2025-02-04;277,4;262,33537246579544
2025-02-05;282,88;266,58923242874073
2025-02-06;287,15;262,1584439589973
2025-02-07;285,81;257,80129644723536
2025-02-10;289,94;253,5165659598979
2025-02-11;294,06;257,6274258860438
2025-02-12;314;253,34558517662697
2025-02-13;310,1;257,453672589476
2025-02-14;309,87;261,6283740788239
2025-02-17;319,5;257,2800364784445
2025-02-18;312,95;261,4519223974258
2025-02-19;315,91;257,1065174739152
2025-02-20;315,05;261,2755897214528
2025-02-21;314,74;265,51226493594726
2025-02-24;316,03;269,8176393231897
2025-02-25;316,97;274,19282686433223
2025-02-26;310,22;278,63895960412145
2025-02-27;307,1;274,00790125946287
2025-02-28;309,63;278,4510353657881
2025-03-03;305,5;273,8231003751405
2025-03-04;316,4;278,263237870389
2025-03-05;313,56;273,638424127249
2025-03-06;315,18;278,0755670324442
2025-03-07;316,92;273,453872431729
2025-03-10;317,57;268,9089917029056
2025-03-11;319,69;273,2694452045779
2025-03-12;318,39;277,70060498728543
2025-03-13;316,37;282,2036175781442
2025-03-14;320,51;286,77964809560905
2025-03-17;326,02;282,013289204956
2025-03-18;324,06;277,32614854762375
2025-03-19;325,3;272,71690949416114
2025-03-20;324,05;277,1391097167661
2025-03-21;323,26;281,6330174651166
2025-03-24;319,47;286,19979550186247
2025-03-25;319,8;290,84062544425706
2025-03-26;315,23;295,55670806989156
2025-03-27;311,96;290,64447195914977
2025-03-28;308,04;295,35737388730894
2025-03-31;309,72;290,4484507670798
2025-04-01;303,24;285,6211153380031
2025-04-02;306,11;290,2525617788239
2025-04-03;302,09;285,4284820801554
2025-04-04;285,35;290,05680490521905
2025-04-07;287,56;294,76017760623375
2025-04-08;282,03;289,86118005716236
2025-04-09;293,4;294,5613806327367
2025-04-10;292,46;289,66568714561095
2025-04-11;299,81;294,3627177351416
2025-04-14;296,5;289,4703260815821
2025-04-15;297,99;294,16418882302276
2025-04-16;300,8;289,27509677615296
2025-04-17;304,8;284,4672628223855
2025-04-18;300,01;289,0799991404608
2025-04-21;308,12;293,7675325938162
2025-04-22;312,25;298,5310760442024
2025-04-23;310;293,5694050961819
2025-04-24;310,16;288,6901985231359
2025-04-25;316,69;283,8920857438204
2025-04-28;314,23;288,49549536407716
2025-04-29;309,41;283,7006186063531
2025-04-30;307,8;288,30092351990317
2025-05-02;299,96;292,97582398915415
2025-05-05;294,64;297,7265296071732
2025-05-06;302,02;302,5542695810028
2025-05-07;302,79;297,5257320181083
2025-05-08;302,15;292,5807701722461
2025-05-12;310,81;287,71799499135295
2025-05-13;311,24;292,38344307030843
2025-05-14;304,21;297,1245430242121
2025-05-15;304,72;301,9425215747177
2025-05-16;306,34;306,8386253352005
2025-05-19;308,33;311,8141211333082
2025-05-20;306,16;316,87029633874266
2025-05-21;303,98;311,60382236066414
2025-05-22;302,66;316,6565874978306
2025-05-23;302,22;321,7912849917248
2025-05-26;297,77;327,0092434042126
2025-05-27;298,7;321,5742572572676
2025-05-28;308,47;326,78869648901446
2025-05-29;306,65;332,0876896795685
2025-05-30;309,3;326,5682983186692
2025-06-02;309,63;331,86371767568363
2025-06-03;313,55;337,24500411260453
2025-06-04;313,23;342,71354999421254
2025-06-05;317,96;337,0175538284818
2025-06-06;313,13;331,4162267306084
2025-06-09;311,17;336,7902569450948
2025-06-10;308,68;342,2514289420797
2025-06-11;312;347,8011557560928
2025-06-13;310,2;342,02060214315026
2025-06-16;311,5;347,566586019758
2025-06-17;313,56;341,7899310222008
2025-06-18;313,38;336,1092856651068
2025-06-19;312,46;330,5230542410874
2025-06-20;309,7;335,88260135076996
2025-06-23;310,17;341,32905539433307
2025-06-24;311,37;346,86382559815377
2025-06-25;313,78;341,0988506776374
2025-06-26;312,84;346,62988803133413
2025-06-27;315,18;340,8688012193669
2025-06-30;316,15;346,3961082405094
2025-07-01;318,42;340,6389069148096
2025-07-02;319,43;346,16248611926966
2025-07-03;319,17;351,77563209548896
2025-07-04;319,44;345,92902156127684
2025-07-07;313,5;340,17958334833986
2025-07-08;309,71;334,5257024252053
2025-07-09;310,09;339,95015387735657
2025-07-10;314,01;345,46256471003807
2025-07-11;309,88;339,7208791419445
2025-07-14;317,97;334,0746220125026
2025-07-15;319,99;339,49175903774443
2025-07-16;321,58;333,84930994925986
2025-07-17;327,05;339,26279346046744
2025-07-18;309;344,7640585032006
2025-07-21;310,4;350,35452848574374
2025-07-22;310,67;356,0356498974451
2025-07-23;313,08;361,80889268298455
2025-07-24;310,83;367,67575062270976
2025-07-25;308,93;373,6377417191401
2025-07-28;303,97;379,6964085897375
2025-07-29;305,26;385,8533188660465
2025-07-30;303,3;379,44032753602005
2025-07-31;304,95;385,59308536833555
2025-08-01;304,22;379,1844191926696
2025-08-04;307,95;385,3330273815507
2025-08-05;307,38;378,928683443204
2025-08-06;310,22;385,07314478732104
2025-08-07;313,43;391,31724072459235
2025-08-08;317,97;384,8134374673554
2025-08-11;317,82;378,4177292603915
2025-08-12;318;372,1283195333816
2025-08-13;317,51;365,9434415755135
2025-08-14;318,73;371,8773426739003
2025-08-15;319,4;377,9074640572957
2025-08-18;318,38;384,035365971328
2025-08-19;316,5;377,6525895327699
2025-08-20;314,17;383,7763585671022
2025-08-21;309,98;389,9994266615369
2025-08-22;312,05;396,32340398511894
2025-08-25;311,42;389,7363968780854
2025-08-26;311,79;396,05610908158707
2025-08-27;312,78;402,4782976323199
2025-08-28;310,82;409,00462422015255
2025-08-29;310,04;402,2068516448825
2025-09-01;309,2;408,7287766409389
2025-09-02;308,44;415,3564569354947
2025-09-03;309,49;422,091607387762
2025-09-04;308,74;415,0763254495124
2025-09-05;310,5;421,80693347160195
2025-09-08;312,83;414,7963828943825
2025-09-09;313,06;407,9023496512695
2025-09-10;309,76;401,1228971912036
2025-09-11;307,11;407,62724548607474
2025-09-12;303,5;414,2370640670783
2025-09-15;302,48;407,3523268611246
2025-09-16;301,8;413,9576875403181
2025-09-17;304,5;420,67015645684126
2025-09-18;301,68;413,67849943523834
2025-09-19;294,84;420,38644121883556
2025-09-22;298,05;427,20315462830547
2025-09-23;291,6;420,10291732869484
2025-09-24;293,31;426,91503329896517
2025-09-25;289,9;419,81958465736705
2025-09-26;291,33;426,6271062891178
2025-09-29;287,57;419,5364430758873
2025-09-30;288,36;426,3393734677074
2025-10-01;286,4;419,25349245537774
2025-10-02;285,22;426,05183470376613
2025-10-03;282,91;432,96041445323186
2025-10-06;290,56;439,9810192434721
2025-10-07;293,89;432,6684102186832
2025-10-08;281,9;425,47733882486165
2025-10-09;289,37;418,40578507219374
2025-10-10;285,12;425,19038144840437
2025-10-13;285,39;432,08499243155967
2025-10-14;283,3;439,0914019470503
2025-10-15;283,74;446,2114228472422
2025-10-16;302,91;438,7952627517746
2025-10-17;300,91;445,9104816511749
2025-10-20;304;438,49932328353196
2025-10-21;295,47;445,60974342078447
2025-10-22;290,02;452,83546151140587
2025-10-23;291,8;460,1783471521
2025-10-24;287,55;452,5300528229878
2025-10-27;283,17;459,86798615481183
2025-10-28;289,46;467,32490664615466
2025-10-29;290,5;459,5578344762568
2025-10-30;296,12;451,9198532433804
2025-10-31;291,89;459,24789197526275
2025-11-01;293,7;466,69475742225967
2025-11-03;298,04;474,2623764011828
2025-11-05;295,7;466,38000152112016
2025-11-06;294,27;458,6286339417448
2025-11-07;296,84;466,06545790279665
2025-11-10;300,46;458,31931812735246
2025-11-11;301,12;450,70192138661145
2025-11-12;299,09;458,01021092678394
2025-11-13;299,09;465,43700694200913
2025-11-14;297,44;457,70131219934245
2025-11-17;294,68;465,1230993134922
2025-11-18;299,44;472,66523330561586
2025-11-19;304,75;464,80940339568537
2025-11-20;307,89;457,0841396015281
2025-11-21;306,7;464,4959190458032
2025-11-24;305,87;472,02788309017944
2025-11-25;306,6;479,68198057004923
2025-11-26;304,96;471,7095303353175
2025-11-27;299,53;479,35846561374535
2025-11-28;304,17;487,131431057203
2025-12-01;305,2;479,03516884768254
2025-12-02;303,77;471,0734688067806
2025-12-03;302,85;463,2440944731828
2025-12-04;301,76;470,7557597435888
2025-12-05;307,22;478,3892292977575
2025-12-08;304,95;470,43826495493266
2025-12-09;306,39;478,066586219882
2025-12-10;306,73;470,12098429629776
2025-12-11;307,19;477,7441607442211
2025-12-12;303,86;469,803917623267
2025-12-15;305,08;461,9956435895366
2025-12-16;304,78;454,31714527946184
2025-12-17;303,5;461,684056941502
2025-12-18;301,96;469,1704256568367
2025-12-19;299,87;476,77818846343206
2025-12-22;297,72;468,8540000750897
2025-12-23;300,65;476,45663193003037
2025-12-24;302,03;468,5377879022519
2025-12-25;300,26;460,75055730271407
2025-12-26;302,51;453,09275267900176
2025-12-29;299,7;460,4398103861098
2025-12-30;299,9;467,9060032076782
2026-01-05;298,78;475,4932629613221
2026-01-06;299,08;483,2035527897558
2026-01-08;298;475,17257302836504
2026-01-09;299,04;467,27507042283435
2026-01-12;299,16;474,8520993803506
2026-01-13;297,23;482,55199251671354
2026-01-14;298,58;490,3767421176236
2026-01-15;299,16;482,2265419200748
2026-01-16;301,52;490,04601422555214
2026-01-19;303,62;497,99228201369345
2026-01-20;304,03;489,7155093883876
2026-01-21;306,49;481,57629906588295
2026-01-22;306,22;473,5723647217861
2026-01-23;306,88;465,7014580310618
2026-01-26;303,17;457,9613680364733
2026-01-27;304,92;465,38737204712197
2026-01-28;303,58;472,9337913141985
2026-01-29;308,52;480,6025784132685
2026-01-30;305,62;472,61482758191534
2026-02-02;304,16;480,27844257233045
2026-02-03;303,81;488,0663257644476
2026-02-04;303,86;479,9545253403806
2026-02-05;301,45;471,97754533445413
2026-02-06;300,61;464,1331449931737
2026-02-09;301,81;471,6592265292036
2026-02-10;302,9;463,82011673652914
2026-02-11;305,76;456,1112951665485
2026-02-12;305,2;463,50729959751436
2026-02-13;308,55;455,80367713689026
2026-02-16;311;448,2280910611675
2026-02-17;310,77;440,7784133694033
2026-02-18;313,4;433,4525514286327
2026-02-19;313,14;426,2484473860427
2026-02-20;314;419,16407759091624
